{
    "marks": {
        "Nav": {
            "bar": 0,
            "titles": 0
        },
        "Home": {
            "desc": 0,
            "image": 0
        },
        "Prime": {
            "form": 0,
            "button": 0
        },
        "inline-css": {
            "desc": 0
        },
        "internal-css": {
            "navbar": 0
        },
        "external-css": {
            "input": 0
        },
        "runFunc": {
            "num": 0,
            "popup": 0
        },
        "isPrime": {
            "linking": 0,
            "testcases": 0
        }
    },
    "total": 0,
    "feedback": {
        "Nav": {
            "bar": "Navigation bar missing somewhere",
            "titles": ""
        },
        "Home": {
            "desc": "Intro missing",
            "image": "Image missing"
        },
        "Prime": {
            "form": "Form missing",
            "button": ""
        },
        "inline-css": {
            "desc": ""
        },
        "internal-css": {
            "navbar": ""
        },
        "external-css": {
            "input": "Input field not styled correctly"
        },
        "runFunc": "Script not added",
        "isPrime": {
            "linking": "JavaScript not linked",
            "testcases": ""
        }
    }
}