{
    "data": [
        {
            "testid": 1,
            "status": "success",
            "score": 7,
            "maximum marks": 7,
            "message": "Script Executed Successfully. Test Case Passed. "
        },
        {
            "testid": 2,
            "status": "success",
            "score": 7,
            "maximum marks": 7,
            "message": "Script Executed Successfully. Test Case Passed. "
        },
        {
            "testid": 3,
            "status": "success",
            "score": 7,
            "maximum marks": 7,
            "message": "Script Executed Successfully. Test Case Passed. "
        },
        {
            "testid": 4,
            "status": "success",
            "score": 7,
            "maximum marks": 7,
            "message": "Script Executed Successfully. Test Case Passed. "
        },
        {
            "testid": 5,
            "status": "success",
            "score": 7,
            "maximum marks": 7,
            "message": "Script Executed Successfully. Test Case Passed. "
        }
    ]
}