{
    "data": [
        {
            "testid": 1,
            "status": "success",
            "score": 1,
            "maximum marks": 1,
            "message": "Script Executed Successfully. Test Case Passed."
        },
        {
            "testid": 2,
            "status": "success",
            "score": 1,
            "maximum marks": 1,
            "message": "Script Executed Successfully. Test Case Passed."
        },
        {
            "testid": 3,
            "status": "success",
            "score": 1,
            "maximum marks": 1,
            "message": "Script Executed Successfully. Test Case Passed."
        },
        {
            "testid": 4,
            "status": "success",
            "score": 1,
            "maximum marks": 1,
            "message": "Script Executed Successfully. Test Case Passed."
        },
        {
            "testid": 5,
            "status": "success",
            "score": 1,
            "maximum marks": 1,
            "message": "Script Executed Successfully. Test Case Passed."
        },
        {
            "testid": 6,
            "status": "success",
            "score": 1,
            "maximum marks": 1,
            "message": "Script Executed Successfully. Test Case Passed."
        },
        {
            "testid": 7,
            "status": "success",
            "score": 1,
            "maximum marks": 1,
            "message": "Script Executed Successfully. Test Case Passed."
        },
        {
            "testid": 8,
            "status": "success",
            "score": 1,
            "maximum marks": 1,
            "message": "Script Executed Successfully. Test Case Passed."
        },
        {
            "testid": 9,
            "status": "success",
            "score": 1,
            "maximum marks": 1,
            "message": "Script Executed Successfully. Test Case Passed."
        },
        {
            "testid": 10,
            "status": "success",
            "score": 1,
            "maximum marks": 1,
            "message": "Script Executed Successfully. Test Case Passed."
        },
        {
            "testid": 11,
            "status": "success",
            "score": 1,
            "maximum marks": 1,
            "message": "Script Executed Successfully. Test Case Passed."
        },
        {
            "testid": 12,
            "status": "success",
            "score": 1,
            "maximum marks": 1,
            "message": "Script Executed Successfully. Test Case Passed."
        },
        {
            "testid": 13,
            "status": "success",
            "score": 1,
            "maximum marks": 1,
            "message": "Script Executed Successfully. Test Case Passed."
        },
        {
            "testid": 14,
            "status": "success",
            "score": 1,
            "maximum marks": 1,
            "message": "Script Executed Successfully. Test Case Passed."
        },
        {
            "testid": 15,
            "status": "success",
            "score": 1,
            "maximum marks": 1,
            "message": "Script Executed Successfully. Test Case Passed."
        },
        {
            "testid": 16,
            "status": "success",
            "score": 1,
            "maximum marks": 1,
            "message": "Script Executed Successfully. Test Case Passed."
        },
        {
            "testid": 17,
            "status": "success",
            "score": 1,
            "maximum marks": 1,
            "message": "Script Executed Successfully. Test Case Passed."
        },
        {
            "testid": 18,
            "status": "success",
            "score": 1,
            "maximum marks": 1,
            "message": "Script Executed Successfully. Test Case Passed."
        },
        {
            "testid": 19,
            "status": "success",
            "score": 1,
            "maximum marks": 1,
            "message": "Script Executed Successfully. Test Case Passed."
        },
        {
            "testid": 20,
            "status": "success",
            "score": 1,
            "maximum marks": 1,
            "message": "Script Executed Successfully. Test Case Passed."
        }
    ]
}